,ortho,phon,cgram,islem,freqlemfilms2,freqfilms2,freqlemlivres,freqlivres,p_cvcv,cvcv,nbsyll,nblettres
12731,balader,balade,VER,1,24.3,12.41,13.51,5.41,CVCVCV,CVCVCVC,3,7
12815,balancer,bal@se,VER,1,40.12,10.15,67.7,11.89,CVCVCV,CVCVCCVC,3,8
13951,bâtiment,batim@,NOM,1,27.58,22.73,36.82,19.93,CVCVCV,CVCVCVCC,3,8
19359,cabinet,kabinE,NOM,1,21.97,19.45,36.49,29.8,CVCVCV,CVCVCVC,3,7
20377,caméra,kameRa,NOM,1,56.18,41.64,6.35,4.39,CVCVCV,CVCVCV,3,6
20538,canapé,kanape,NOM,1,18.58,17.66,20.27,17.97,CVCVCV,CVCVCV,3,6
21343,caresser,kaRese,VER,1,15.69,5.66,83.72,18.24,CVCVCV,CVCVCCVC,3,8
21563,carrément,kaRem@,ADV,1,9.99,9.99,16.55,16.55,CVCVCV,CVCCVCVCC,3,9
21750,casino,kazino,NOM,1,12.75,10.89,10.81,9.8,CVCVCV,CVCVCV,3,6
23445,charité,SaRite,NOM,1,13.75,13.54,14.53,14.32,CVCVCV,CCVCVCV,3,7
24643,chocolat,Sokola,NOM,1,31.03,27.74,34.86,30.61,CVCVCV,CCVCVCVC,3,8
25225,cinéma,sinema,NOM,1,63.49,62.23,78.51,72.91,CVCVCV,CVCVCV,3,6
27077,colonie,koloni,NOM,1,8.75,5.53,19.05,10.34,CVCVCV,CVCVCVV,3,7
27354,comédie,komedi,NOM,1,22.11,20.87,29.73,25.68,CVCVCV,CVCVCVV,3,7
27384,comité,komite,NOM,1,18.72,18.34,63.65,58.99,CVCVCV,CVCVCV,3,6
27420,commander,kom@de,VER,1,63.49,13.5,80.34,11.55,CVCVCV,CVCCVCCVC,3,9
27496,commencer,kom@se,VER,1,436.83,92.51,421.89,42.5,CVCVCV,CVCCVCCVC,3,9
27766,compagnie,k§paNi,NOM,1,73.78,68.9,97.16,90.88,CVCVCV,CVCCVCCVV,3,9
27768,compagnon,k§paN§,NOM,1,22.2,8.4,80.0,34.26,CVCVCV,CVCCVCCVC,3,9
29930,consoler,k§sole,VER,1,14.41,6.63,33.18,16.15,CVCVCV,CVCCVCVC,3,8
30432,contenter,k§t@te,VER,1,29.04,5.98,60.61,11.35,CVCVCV,CVCCVCCVC,3,9
30530,continent,k§tin@,NOM,1,6.92,5.79,15.95,12.16,CVCVCV,CVCCVCVCC,3,9
30561,continue,k§tiny,ADJ,1,35.19,35.19,8.85,8.85,CVCVCV,CVCCVCVV,3,8
32622,courageux,kuRaZ2,ADJ,1,28.68,20.22,11.96,8.38,CVCVCV,CVVCVCVVC,3,9
36592,décider,deside,VER,1,207.76,42.27,214.19,27.16,CVCVCV,CVCVCVC,3,7
37963,défilé,defile,NOM,1,8.05,7.45,14.73,12.3,CVCVCV,CVCVCV,3,6
37973,défiler,defile,VER,1,10.82,4.32,32.64,11.28,CVCVCV,CVCVCVC,3,7
38224,dégager,degaZe,VER,1,102.47,8.22,58.04,15.2,CVCVCV,CVCVCVC,3,7
38500,dégoûtant,degut@,ADJ,1,15.92,11.47,6.76,3.92,CVCVCV,CVCVVCVCC,3,9
38824,déjeuner,deZ9ne,NOM,1,51.34,50.32,59.66,56.01,CVCVCV,CVCVVCVC,3,8
38825,déjeuner,deZ9ne,VER,1,35.43,19.99,36.01,17.03,CVCVCV,CVCVVCVC,3,8
39034,délicat,delika,ADJ,1,22.52,9.6,37.03,13.72,CVCVCV,CVCVCVC,3,7
40407,dépasser,depase,VER,1,42.62,6.12,78.78,10.27,CVCVCV,CVCVCCVC,3,8
40892,déposer,depoze,VER,1,53.09,15.03,62.7,13.24,CVCVCV,CVCVCVC,3,7
41165,déranger,deR@Ze,VER,1,126.95,31.38,43.99,14.59,CVCVCV,CVCVCCVC,3,8
42301,désolé,dezole,ADJ,1,276.66,193.51,12.43,6.49,CVCVCV,CVCVCV,3,6
42529,dessiner,desine,VER,1,29.97,9.1,79.66,12.97,CVCVCV,CVCCVCVC,3,8
42697,détacher,detaSe,VER,1,19.69,4.44,65.47,15.14,CVCVCV,CVCVCCVC,3,8
44044,différent,difeR@,ADJ,1,135.8,65.42,92.03,27.43,CVCVCV,CVCCVCVCC,3,9
44161,dignité,diNite,NOM,1,14.61,14.59,32.77,32.43,CVCVCV,CVCCVCV,3,7
44500,diriger,diRiZe,VER,1,65.1,13.94,95.68,17.64,CVCVCV,CVCVCVC,3,7
45853,dominer,domine,VER,1,15.66,5.07,50.61,10.34,CVCVCV,CVCVCVC,3,7
59704,fabuleux,fabyl2,ADJ,1,15.34,11.1,17.5,9.86,CVCVCV,CVCVCVVC,3,8
60221,fantaisie,f@tezi,NOM,1,6.98,5.57,16.89,14.26,CVCVCV,CVCCVVCVV,3,9
60466,fatigué,fatige,ADJ,1,35.86,18.46,31.62,16.89,CVCVCV,CVCVCVV,3,7
60924,féminin,femin5,ADJ,1,16.88,7.51,32.91,11.28,CVCVCV,CVCVCVC,3,7
66843,généreux,ZeneR2,ADJ,1,23.32,16.57,23.72,13.99,CVCVCV,CVCVCVVC,3,8
66962,gentiment,Z@tim@,ADV,1,11.32,11.32,21.76,21.76,CVCVCV,CVCCVCVCC,3,9
79067,jalousie,Zaluzi,NOM,1,13.67,13.2,25.2,22.09,CVCVCV,CVCVVCVV,3,8
79116,japonais,ZaponE,NOM,1,13.23,10.99,12.64,11.49,CVCVCV,CVCVCVVC,3,8
81362,lavabo,lavabo,NOM,1,3.38,2.56,16.89,13.85,CVCVCV,CVCVCV,3,6
82039,libérer,libeRe,VER,1,75.77,26.16,48.51,14.53,CVCVCV,CVCVCVC,3,7
83482,lumineux,lymin2,ADJ,1,7.36,4.79,39.46,23.24,CVCVCV,CVCVCVVC,3,8
83972,magasin,magaz5,NOM,1,60.62,51.97,65.54,45.61,CVCVCV,CVCVCVC,3,7
84352,maladie,maladi,NOM,1,66.04,52.18,60.68,49.59,CVCVCV,CVCVCVV,3,7
86203,matinée,matine,NOM,1,12.51,12.1,34.05,32.23,CVCVCV,CVCVCVV,3,7
89902,monument,monym@,NOM,1,6.68,5.07,19.32,10.54,CVCVCV,CVCVCVCC,3,8
93127,notamment,notam@,ADV,1,2.2,2.2,20.2,20.2,CVCVCV,CVCVCCVCC,3,9
93428,nudité,nydite,NOM,1,2.11,2.1,13.51,12.57,CVCVCV,CVCVCV,3,6
93509,numéro,nymeRo,NOM,1,173.48,162.08,70.07,60.0,CVCVCV,CVCVCV,3,6
96841,pantalon,p@tal§,NOM,1,37.55,31.49,71.76,57.91,CVCVCV,CVCCVCVC,3,8
97087,paradis,paRadi,NOM,1,33.23,33.23,28.04,28.04,CVCVCV,CVCVCVC,3,7
97224,parapet,paRapE,NOM,1,0.88,0.73,12.91,10.88,CVCVCV,CVCVCVC,3,7
104433,posséder,posede,VER,1,42.76,6.36,82.23,13.24,CVCVCV,CVCCVCVC,3,8
108734,pyjama,piZama,NOM,1,8.11,7.1,17.57,15.07,CVCVCV,CVCVCV,3,6
108893,qualité,kalite,NOM,1,29.13,20.84,59.12,42.7,CVCVCV,CVVCVCV,3,7
108911,quantité,k@tite,NOM,1,10.3,8.67,18.99,15.27,CVCVCV,CVVCCVCV,3,8
109774,raconter,Rak§te,VER,1,253.84,57.79,261.89,64.86,CVCVCV,CVCVCCVC,3,8
110327,ralenti,Ral@ti,NOM,1,9.2,3.08,10.61,10.2,CVCVCV,CVCVCCV,3,7
110487,ramasser,Ramase,VER,1,43.76,13.15,74.8,17.91,CVCVCV,CVCVCCVC,3,8
111252,rassurer,RasyRe,VER,1,29.25,6.06,68.04,17.57,CVCVCV,CVCCVCVC,3,8
112309,récemment,Resam@,ADV,1,21.07,21.07,15.07,15.07,CVCVCV,CVCVCCVCC,3,9
114783,régiment,ReZim@,NOM,1,12.3,11.48,25.54,19.86,CVCVCV,CVCVCVCC,3,8
117106,réparer,RepaRe,VER,1,67.7,39.13,25.14,13.92,CVCVCV,CVCVCVC,3,7
117421,répéter,Repete,VER,1,98.31,22.22,200.14,30.88,CVCVCV,CVCVCVC,3,7
119781,révéler,Revele,VER,1,32.7,10.33,60.34,13.31,CVCVCV,CVCVCVC,3,7
120553,rigoler,Rigole,VER,1,47.56,10.48,33.85,9.8,CVCVCV,CVCVCVC,3,7
120880,robinet,RobinE,NOM,1,5.89,5.12,18.24,13.65,CVCVCV,CVCVCVC,3,7
124995,sentiment,s@tim@,NOM,1,75.72,36.87,157.3,106.42,CVCVCV,CVCCVCVCC,3,9
125063,séparer,sepaRe,VER,1,66.22,20.34,109.8,18.38,CVCVCV,CVCVCVC,3,7
129900,suffisant,syfiz@,ADJ,1,17.56,12.95,18.99,10.0,CVCVCV,CVCCVCVCC,3,9
130452,supposer,sypoze,VER,1,120.31,3.92,62.5,14.46,CVCVCV,CVCCVCVC,3,8
131463,sympathie,s5pati,NOM,1,7.68,6.87,26.15,24.05,CVCVCV,CVCCVCCVV,3,9
131720,tabouret,tabuRE,NOM,1,3.19,2.79,18.38,15.47,CVCVCV,CVCVVCVC,3,8
133929,thérapie,teRapi,NOM,1,13.63,12.98,0.07,0.07,CVCVCV,CCVCVCVV,3,8
139262,vanité,vanite,NOM,1,5.75,5.16,17.97,16.49,CVCVCV,CVCVCV,3,6
140160,vérité,veRite,NOM,1,193.24,190.21,140.88,133.38,CVCVCV,CVCVCV,3,6
141311,visiter,vizite,VER,1,34.92,21.23,52.16,23.18,CVCVCV,CVCVCVC,3,7
141805,volonté,vol§te,NOM,1,47.08,44.41,74.93,70.54,CVCVCV,CVCVCCV,3,7
